{
    "$schema": "https://go.kicad.org/pcm/schemas/v1",
    "name": "Elektuur Style Symbol Library",
    "description": "Generic Elektuur style symbols, primarily intended for circuit diagrams used for documentation and SPICE simulation.",
    "description_full": "Elektuur style symbols as introduced in the later 1970s (until the early 1990s when they became more angular).\nThe symbol sizes have been increased by 1.6 % (2 mm grid to 80 mil grid) and the pins realigned to a 2.54 mm (100 mil) grid.\nRecommended Schematic Setup: default line width and wire thickness 0.254 mm (10 mil), junction dot size Small (40 mil), text size 1.27 mm (50 mil), grid 2.54 mm (100 mil), automatically place symbol fields unchecked.\nLibrary Paths:\n${KICAD6_3RD_PARTY}/symbols/com_gitlab_franzee_kicad-addons_elektuur/Elektuur.kicad_sym\n${KICAD6_3RD_PARTY}/footprints/com_gitlab_franzee_kicad-addons_elektuur/Elektuur.pretty",
    "identifier": "com.gitlab.franzee.kicad-addons.elektuur",
    "type": "library",
    "author": {
        "name": "franzee",
        "contact": {
        }
    },
    "license": "CC0-1.0",
    "resources": {
        "Repository": "https://gitlab.com/franzee/kicad-addons/"
    },
    "tags": [
        "elektuur",
        "elektor",
        "symbols",
        "generic",
        "documentation",
        "simulation",
        "spice",
        "ngspice",
        "footprints"
    ],
    "versions": [
        {
            "version": "0.6.3",
            "status": "testing",
            "kicad_version": "6.0",
            "download_url": "https://gitlab.com/franzee/kicad-addons/-/raw/main/kicad-elektuur-symbols-0.6.3.zip"
        }
    ]
}
