{
    "$schema": "https://go.kicad.org/pcm/schemas/v1",
    "name": "Generic Symbol Library",
    "description": "Generic international symbols, intended as building blocks and for SPICE simulation.",
    "description_full": "Generic symbols mostly compatible with IEC/IEEE/ANSI/GOST/DIN/EN/GB standards, intended for SPICE simulation and as building blocks for fully specified symbols. Includes ANSI/IEEE Std 315 zigzag/curved/looped resistor/capacitor/inductor symbols and distinctive shape logic symbols that match the corresponding IEC (uniform shape) symbols.\nRecommended Schematic Setup: default line width and wire thickness 0.254 mm (10 mil), text size and grid 2.54 mm (100 mil), automatically place symbol fields unchecked.",
    "identifier": "com.gitlab.franzee.kicad-addons.generic",
    "type": "library",
    "author": {
        "name": "franzee",
        "contact": {
        }
    },
    "license": "CC0-1.0",
    "resources": {
        "Repository": "https://gitlab.com/franzee/kicad-addons/"
    },
    "tags": [
        "symbols",
        "generic",
        "international",
        "simulation",
        "spice",
        "iec",
        "ieee",
        "ansi",
        "en"
    ],
    "versions": [
        {
            "version": "0.5.99",
            "status": "testing",
            "kicad_version": "6.0",
            "download_url": "https://gitlab.com/franzee/kicad-addons/-/raw/main/kicad-generic-symbols-0.5.99.zip"
        }
    ]
}
