{
    "$schema": "https://go.kicad.org/pcm/schemas/v1",
    "name": "SPICE Symbol Library",
    "description": "Generic international symbols, intended for SPICE simulation.",
    "description_full": "Generic symbols mostly compatible with IEC/IEEE/ANSI/GOST/DIN/EN/GB standards, intended for SPICE simulation. Includes ANSI/IEEE Std 315 zigzag/curved/looped resistor/capacitor/inductor symbols and distinctive shape logic symbols that match the corresponding IEC (uniform shape) symbols, if multiple alternate shapes are enabled.\nRecommended Schematic Setup: default line width and wire thickness 0.254 mm (10 mil), text size and grid 2.54 mm (100 mil), automatically place symbol fields unchecked.\nLibrary Path:\n${KICAD6_3RD_PARTY}/symbols/com_gitlab_franzee_kicad-addons_spice/SPICE.lib\n${KICAD6_3RD_PARTY}/symbols/com_gitlab_franzee_kicad-addons_spice/SPICE-50.lib",
    "identifier": "com.gitlab.franzee.kicad-addons.spice",
    "type": "library",
    "author": {
        "name": "franzee",
        "contact": {
        }
    },
    "license": "CC0-1.0",
    "resources": {
        "Repository": "https://gitlab.com/franzee/kicad-addons/"
    },
    "tags": [
        "symbols",
        "generic",
        "international",
        "simulation",
        "spice",
        "ltspice",
        "iec",
        "ieee",
        "ansi",
        "en"
    ],
    "versions": [
        {
            "version": "0.5.1",
            "status": "deprecated",
            "kicad_version": "5.1",
            "download_url": "https://gitlab.com/franzee/kicad-addons/-/raw/main/kicad-spice-symbols-0.5.1.zip"
        }
    ]
}
